[{"pk": 10, "model": "contenttypes.contenttype", "fields": {"model": "client", "name": "client", "app_label": "client"}}, {"pk": 11, "model": "contenttypes.contenttype", "fields": {"model": "clientasset", "name": "client asset", "app_label": "client"}}, {"pk": 4, "model": "contenttypes.contenttype", "fields": {"model": "contenttype", "name": "content type", "app_label": "contenttypes"}}, {"pk": 2, "model": "contenttypes.contenttype", "fields": {"model": "group", "name": "group", "app_label": "auth"}}, {"pk": 15, "model": "contenttypes.contenttype", "fields": {"model": "label", "name": "label", "app_label": "label"}}, {"pk": 13, "model": "contenttypes.contenttype", "fields": {"model": "labeltemplate", "name": "label template", "app_label": "label"}}, {"pk": 7, "model": "contenttypes.contenttype", "fields": {"model": "logentry", "name": "log entry", "app_label": "admin"}}, {"pk": 1, "model": "contenttypes.contenttype", "fields": {"model": "permission", "name": "permission", "app_label": "auth"}}, {"pk": 12, "model": "contenttypes.contenttype", "fields": {"model": "product", "name": "product", "app_label": "product"}}, {"pk": 14, "model": "contenttypes.contenttype", "fields": {"model": "productlisting", "name": "product listing", "app_label": "label"}}, {"pk": 8, "model": "contenttypes.contenttype", "fields": {"model": "registrationprofile", "name": "registration profile", "app_label": "registration"}}, {"pk": 5, "model": "contenttypes.contenttype", "fields": {"model": "session", "name": "session", "app_label": "sessions"}}, {"pk": 6, "model": "contenttypes.contenttype", "fields": {"model": "site", "name": "site", "app_label": "sites"}}, {"pk": 3, "model": "contenttypes.contenttype", "fields": {"model": "user", "name": "user", "app_label": "auth"}}, {"pk": 9, "model": "contenttypes.contenttype", "fields": {"model": "userprofile", "name": "user profile", "app_label": "accounts"}}, {"pk": "31dd86a36f5bbf42baa64c2dc975c2b0", "model": "sessions.session", "fields": {"expire_date": "2013-06-01T09:53:41.302Z", "session_data": "ZWI1YzU4ZmY5ZTI0ZGM4M2QzYzljZWExY2JkNWE4MWYwY2JlNmVhNTqAAn1xAShVEl9hdXRoX3Vz\nZXJfYmFja2VuZHECVSlkamFuZ28uY29udHJpYi5hdXRoLmJhY2tlbmRzLk1vZGVsQmFja2VuZHED\nVQ1fYXV0aF91c2VyX2lkcQRLAXUu\n"}}, {"pk": "2d28977282b372cbd5f192277785324e", "model": "sessions.session", "fields": {"expire_date": "2013-06-02T01:53:17.165Z", "session_data": "ZWI1YzU4ZmY5ZTI0ZGM4M2QzYzljZWExY2JkNWE4MWYwY2JlNmVhNTqAAn1xAShVEl9hdXRoX3Vz\nZXJfYmFja2VuZHECVSlkamFuZ28uY29udHJpYi5hdXRoLmJhY2tlbmRzLk1vZGVsQmFja2VuZHED\nVQ1fYXV0aF91c2VyX2lkcQRLAXUu\n"}}, {"pk": "1c29f08533abff73f0df3cb1aeae3976", "model": "sessions.session", "fields": {"expire_date": "2013-06-02T05:44:59.341Z", "session_data": "MzcyYTc1YmE0MzNjMDZhMjA2NjA0MWUyOGU0ZDZjY2UxMmIyZGI1MzqAAn1xAVUKdGVzdGNvb2tp\nZXECVQZ3b3JrZWRxA3Mu\n"}}, {"pk": "f515e4e510a168e43750509ff762a89d", "model": "sessions.session", "fields": {"expire_date": "2013-07-11T05:19:59.750Z", "session_data": "ZWI1YzU4ZmY5ZTI0ZGM4M2QzYzljZWExY2JkNWE4MWYwY2JlNmVhNTqAAn1xAShVEl9hdXRoX3Vz\nZXJfYmFja2VuZHECVSlkamFuZ28uY29udHJpYi5hdXRoLmJhY2tlbmRzLk1vZGVsQmFja2VuZHED\nVQ1fYXV0aF91c2VyX2lkcQRLAXUu\n"}}, {"pk": 1, "model": "sites.site", "fields": {"domain": "example.com", "name": "example.com"}}, {"pk": 1, "model": "client.client", "fields": {"name": "Test Client", "phone": "", "created_on": "2013-05-18T09:54:18.881Z", "client_type": "3", "active": true, "logo": "", "email": ""}}, {"pk": 1, "model": "product.product", "fields": {"description": "", "title": "General Mills Cherrios, Honey Nut, 12.25-Ounce (Pack of 12)", "image": "", "upc": "016000275270", "created_on": "2013-05-19T01:53:29.446Z", "internet_price": null, "active": true, "image_external": "https://www.digit-eyes.com/thumbs/17/000/016000275270.jpg"}}, {"pk": 2, "model": "product.product", "fields": {"description": "120 Ea", "title": "Natrol Flax Seed Oil, 1000mg, 120 Softgels (pack Of 3)", "image": "", "upc": "047469009717", "created_on": "2013-05-19T02:14:08.146Z", "internet_price": null, "active": true, "image_external": "https://www.digit-eyes.com/thumbs/7/469/047469009717.jpg"}}, {"pk": 3, "model": "product.product", "fields": {"description": "", "title": "", "image": "", "upc": "699284103073", "created_on": "2013-05-19T05:49:10.714Z", "internet_price": null, "active": true, "image_external": ""}}, {"pk": 4, "model": "product.product", "fields": {"description": "1.5 oz (42 g)", "title": "Kit Kat", "image": "", "upc": "034000002467", "created_on": "2013-05-19T07:22:58.733Z", "internet_price": null, "active": true, "image_external": ""}}, {"pk": 5, "model": "product.product", "fields": {"description": "1.50 oz", "title": "Reeses Sticks - 36 Pack", "image": "", "upc": "034000001521", "created_on": "2013-05-19T07:26:02.433Z", "internet_price": null, "active": true, "image_external": "https://www.digit-eyes.com/thumbs/7/000/034000001521.jpg"}}, {"pk": 6, "model": "product.product", "fields": {"description": "", "title": "Edimensional Audiofx Gaming Headset", "image": "", "upc": "181970000037", "created_on": "2013-05-19T07:28:38.577Z", "internet_price": null, "active": true, "image_external": "https://www.digit-eyes.com/thumbs/301/970/181970000037.jpg"}}, {"pk": 7, "model": "product.product", "fields": {"description": "1.00 ct", "title": "Ge FLE14 / 2TC16BUGCD 49895 Fluorescent Energy Eff", "image": "", "upc": "043168498951", "created_on": "2013-05-19T07:30:20.725Z", "internet_price": null, "active": true, "image_external": "https://www.digit-eyes.com/thumbs/88/168/043168498951.jpg"}}, {"pk": 8, "model": "product.product", "fields": {"description": "1 razor", "title": "Conair Ladies Wet/Dry Shaver", "image": "", "upc": "074108036322", "created_on": "2013-05-19T20:31:44.330Z", "internet_price": null, "active": true, "image_external": "https://www.digit-eyes.com/thumbs/8/108/074108036322.jpg"}}, {"pk": 9, "model": "product.product", "fields": {"description": "", "title": "897510 TRI-LEVEL DECK SCRUB", "image": "", "upc": "098991897105", "created_on": "2013-05-19T20:31:46.215Z", "internet_price": null, "active": true, "image_external": ""}}, {"pk": 10, "model": "product.product", "fields": {"description": "1.00 ct", "title": "Quickie Bottle Scrubber", "image": "", "upc": "071798001265", "created_on": "2013-05-19T20:31:49.058Z", "internet_price": null, "active": true, "image_external": "https://www.digit-eyes.com/thumbs/248/798/071798001265.jpg"}}, {"pk": 11, "model": "product.product", "fields": {"description": "14 Oz.", "title": "Turtle Wax T-222R Super Hard Shell Paste Wax. 14 Oz.", "image": "", "upc": "074660012222", "created_on": "2013-05-19T20:31:49.318Z", "internet_price": null, "active": true, "image_external": "https://www.digit-eyes.com/thumbs/145/660/074660012222.jpg"}}, {"pk": 12, "model": "product.product", "fields": {"description": "DZ", "title": "Flex Shamp 15 Oz T / A N-D\u00a0\u00a0\u00a0 New", "image": "", "upc": "309972391025", "created_on": "2013-05-19T20:31:49.551Z", "internet_price": null, "active": true, "image_external": ""}}, {"pk": 13, "model": "product.product", "fields": {"description": "", "title": "", "image": "", "upc": "123123123", "created_on": "2013-05-19T20:37:39.649Z", "internet_price": null, "active": true, "image_external": ""}}, {"pk": 1, "model": "label.labeltemplate", "fields": {"category": "", "title_pos": "5x10", "title": "Small - Wide", "desc_font_size": 10, "price_font": "arial.ttf", "price_font_size": 34, "price_pos": "88x57", "desc_font": "arial.ttf", "desc_pos": "", "created_on": "2013-05-19T01:57:00.639Z", "client": 1, "pic_pos": "", "title_font_size": 14, "active": true, "updated_on": "2013-05-19T07:41:19.088Z", "bg_image": "", "title_font": "arial.ttf", "size": "200x96"}}, {"pk": 2, "model": "label.labeltemplate", "fields": {"category": "", "title_pos": "10x12", "title": "Small", "desc_font_size": 10, "price_font": "arial.ttf", "price_font_size": 34, "price_pos": "10x50", "desc_font": "arial.ttf", "desc_pos": "", "created_on": "2013-05-19T02:15:37.235Z", "client": 1, "pic_pos": "", "title_font_size": 12, "active": true, "updated_on": "2013-05-19T02:15:37.236Z", "bg_image": "", "title_font": "arial.ttf", "size": "128x96"}}, {"pk": 3, "model": "label.labeltemplate", "fields": {"category": "", "title_pos": "10x10", "title": "Medium", "desc_font_size": 16, "price_font": "arial.ttf", "price_font_size": 44, "price_pos": "135x115", "desc_font": "arial.ttf", "desc_pos": "10x50", "created_on": "2013-05-19T02:16:33.638Z", "client": 1, "pic_pos": "", "title_font_size": 26, "active": true, "updated_on": "2013-05-19T02:16:33.639Z", "bg_image": "", "title_font": "arial.ttf", "size": "264x176"}}, {"pk": 4, "model": "label.labeltemplate", "fields": {"category": "", "title_pos": "10x10", "title": "Medium - Discount", "desc_font_size": 16, "price_font": "arial.ttf", "price_font_size": 44, "price_pos": "145x115", "desc_font": "arial.ttf", "desc_pos": "10x50", "created_on": "2013-05-19T07:43:39.828Z", "client": 1, "pic_pos": "", "title_font_size": 26, "active": true, "updated_on": "2013-05-19T07:46:12.294Z", "bg_image": "product_listing/label-bg3_2.jpg", "title_font": "arial.ttf", "size": "264x176"}}, {"pk": 5, "model": "label.labeltemplate", "fields": {"category": "", "title_pos": "10x10", "title": "Babak", "desc_font_size": 16, "price_font": "arial.ttf", "price_font_size": 44, "price_pos": "135x115", "desc_font": "arial.ttf", "desc_pos": "10x50", "created_on": "2013-05-22T05:37:24.221Z", "client": 1, "pic_pos": "10x50", "title_font_size": 32, "active": true, "updated_on": "2013-05-22T05:39:47.924Z", "bg_image": "product_listing/label-bg_8.png", "title_font": "arial.ttf", "size": "264x176"}}, {"pk": 1, "model": "label.productlisting", "fields": {"product": 1, "description": "Honey Nut, 12.25-Ounce (Pack of 12)", "title": "General Mills Cherrios", "image": "", "created_on": "2013-05-19T01:56:14.071Z", "client": 1, "active": true, "updated_on": "2013-05-19T20:31:11.538Z", "price": "6.95"}}, {"pk": 2, "model": "label.productlisting", "fields": {"product": 2, "description": "120 Softgels (pack Of 3)", "title": "Natrol Flax Seed Oil, 1000mg", "image": "", "created_on": "2013-05-19T02:14:09.239Z", "client": 1, "active": true, "updated_on": "2013-05-19T02:15:14.909Z", "price": "29.95"}}, {"pk": 3, "model": "label.productlisting", "fields": {"product": 3, "description": "", "title": "", "image": "", "created_on": "2013-05-19T05:49:16.241Z", "client": 1, "active": true, "updated_on": "2013-05-19T05:49:16.243Z", "price": "0"}}, {"pk": 4, "model": "label.productlisting", "fields": {"product": 4, "description": "1.5 oz (42 g)", "title": "Kit Kat", "image": "", "created_on": "2013-05-19T07:23:01.828Z", "client": 1, "active": true, "updated_on": "2013-05-19T07:39:56.825Z", "price": "0.89"}}, {"pk": 5, "model": "label.productlisting", "fields": {"product": 5, "description": "1.50 oz", "title": "Reeses Sticks - 36 Pack", "image": "", "created_on": "2013-05-19T07:26:05.186Z", "client": 1, "active": true, "updated_on": "2013-05-19T07:39:19.634Z", "price": "0.99"}}, {"pk": 6, "model": "label.productlisting", "fields": {"product": 6, "description": "", "title": "Edimensional Audiofx Gaming Headset", "image": "", "created_on": "2013-05-19T07:28:38.843Z", "client": 1, "active": true, "updated_on": "2013-05-19T07:40:19.956Z", "price": "89.95"}}, {"pk": 7, "model": "label.productlisting", "fields": {"product": 7, "description": "1.00 ct", "title": "Ge FLE14 / 2TC16BUGCD 49895 Fluorescent Energy Eff", "image": "", "created_on": "2013-05-19T07:30:21.129Z", "client": 1, "active": true, "updated_on": "2013-05-19T07:44:11.774Z", "price": "5.99"}}, {"pk": 8, "model": "label.productlisting", "fields": {"product": 8, "description": "1 razor", "title": "Conair Ladies Wet/Dry Shaver", "image": "", "created_on": "2013-05-19T20:31:46.183Z", "client": 1, "active": true, "updated_on": "2013-05-22T05:40:09.883Z", "price": "5.99"}}, {"pk": 9, "model": "label.productlisting", "fields": {"product": 9, "description": "", "title": "897510 TRI-LEVEL DECK SCRUB", "image": "", "created_on": "2013-05-19T20:31:48.945Z", "client": 1, "active": true, "updated_on": "2013-05-19T20:36:09.748Z", "price": "0"}}, {"pk": 10, "model": "label.productlisting", "fields": {"product": 10, "description": "1.00 ct", "title": "Quickie Bottle Scrubber", "image": "", "created_on": "2013-05-19T20:31:49.305Z", "client": 1, "active": true, "updated_on": "2013-05-22T05:35:15.691Z", "price": "1.99"}}, {"pk": 11, "model": "label.productlisting", "fields": {"product": 11, "description": "", "title": "", "image": "", "created_on": "2013-05-19T20:31:49.538Z", "client": 1, "active": true, "updated_on": "2013-05-19T20:31:49.539Z", "price": "0"}}, {"pk": 12, "model": "label.productlisting", "fields": {"product": 12, "description": "DZ", "title": "Flex Shamp 15 Oz T / A N-D\u00a0\u00a0\u00a0 New", "image": "", "created_on": "2013-05-19T20:31:49.799Z", "client": 1, "active": true, "updated_on": "2013-05-22T05:46:35.277Z", "price": "10"}}, {"pk": 13, "model": "label.productlisting", "fields": {"product": 13, "description": "", "title": "", "image": "", "created_on": "2013-05-19T20:37:41.132Z", "client": 1, "active": true, "updated_on": "2013-05-19T20:37:41.133Z", "price": "0"}}, {"pk": 1, "model": "label.label", "fields": {"upc": "2001", "product_listing": 6, "created_on": "2013-05-19T02:01:20.043Z", "client": 1, "template": 1, "active": true, "updated_on": "2013-05-19T07:40:20.054Z", "sent_on": null, "size": "200x96"}}, {"pk": 2, "model": "label.label", "fields": {"upc": "1401", "product_listing": 2, "created_on": "2013-05-19T02:15:37.398Z", "client": 1, "template": 2, "active": true, "updated_on": "2013-05-19T07:24:21.774Z", "sent_on": null, "size": "128x96"}}, {"pk": 3, "model": "label.label", "fields": {"upc": "2701", "product_listing": 7, "created_on": "2013-05-19T02:16:33.644Z", "client": 1, "template": 5, "active": true, "updated_on": "2013-05-22T05:42:54.837Z", "sent_on": null, "size": "264x176"}}, {"pk": 4, "model": "label.label", "fields": {"upc": "1402", "product_listing": 4, "created_on": "2013-05-19T02:34:22.201Z", "client": 1, "template": 2, "active": true, "updated_on": "2013-05-19T07:39:56.833Z", "sent_on": null, "size": "128x96"}}, {"pk": 5, "model": "label.label", "fields": {"upc": "1403", "product_listing": 1, "created_on": "2013-05-19T02:39:59.634Z", "client": 1, "template": 2, "active": true, "updated_on": "2013-05-19T20:31:11.589Z", "sent_on": null, "size": "128x96"}}, {"pk": 6, "model": "label.label", "fields": {"upc": "2002", "product_listing": 5, "created_on": "2013-05-19T07:26:05.194Z", "client": 1, "template": 1, "active": true, "updated_on": "2013-05-19T07:39:19.675Z", "sent_on": null, "size": "200x96"}}, {"pk": 7, "model": "label.label", "fields": {"upc": "2702", "product_listing": 7, "created_on": "2013-05-19T07:30:21.136Z", "client": 1, "template": 4, "active": true, "updated_on": "2013-05-19T07:44:11.805Z", "sent_on": null, "size": "264x176"}}, {"pk": 8, "model": "label.label", "fields": {"upc": "2703", "product_listing": 8, "created_on": "2013-05-19T20:31:46.192Z", "client": 1, "template": 5, "active": true, "updated_on": "2013-05-22T05:40:09.965Z", "sent_on": null, "size": "264x176"}}, {"pk": 9, "model": "label.label", "fields": {"upc": "1405", "product_listing": 12, "created_on": "2013-05-19T20:31:49.006Z", "client": 1, "template": 2, "active": true, "updated_on": "2013-05-22T05:31:10.703Z", "sent_on": null, "size": "128x96"}}, {"pk": 10, "model": "label.label", "fields": {"upc": "2704", "product_listing": 10, "created_on": "2013-05-19T20:31:49.311Z", "client": 1, "template": 4, "active": true, "updated_on": "2013-05-22T05:35:15.712Z", "sent_on": null, "size": "264x176"}}, {"pk": 11, "model": "label.label", "fields": {"upc": "1407", "product_listing": 11, "created_on": "2013-05-19T20:31:49.544Z", "client": 1, "template": 2, "active": true, "updated_on": "2013-05-19T20:44:44.167Z", "sent_on": null, "size": "128x96"}}, {"pk": 12, "model": "label.label", "fields": {"upc": "1406", "product_listing": 10, "created_on": "2013-05-19T20:31:49.805Z", "client": 1, "template": 2, "active": true, "updated_on": "2013-05-22T05:31:10.765Z", "sent_on": null, "size": "128x96"}}, {"pk": 13, "model": "label.label", "fields": {"upc": "2003", "product_listing": 13, "created_on": "2013-05-19T20:37:41.155Z", "client": 1, "template": 1, "active": false, "updated_on": "2013-05-19T20:46:21.368Z", "sent_on": null, "size": "200x96"}}, {"pk": 14, "model": "label.label", "fields": {"upc": "2004", "product_listing": 1, "created_on": "2013-05-22T05:27:22.687Z", "client": 1, "template": 1, "active": true, "updated_on": "2013-05-22T05:27:22.769Z", "sent_on": null, "size": "200x96"}}, {"pk": 15, "model": "label.label", "fields": {"upc": "2705", "product_listing": 10, "created_on": "2013-05-22T05:27:22.863Z", "client": 1, "template": 3, "active": true, "updated_on": "2013-05-22T05:27:22.864Z", "sent_on": null, "size": "264x176"}}, {"pk": 16, "model": "label.label", "fields": {"upc": "2005", "product_listing": 12, "created_on": "2013-05-22T05:31:41.338Z", "client": 1, "template": 1, "active": true, "updated_on": "2013-05-22T05:46:35.355Z", "sent_on": null, "size": "200x96"}}, {"pk": 25, "model": "auth.permission", "fields": {"codename": "add_userprofile", "name": "Can add user profile", "content_type": 9}}, {"pk": 26, "model": "auth.permission", "fields": {"codename": "change_userprofile", "name": "Can change user profile", "content_type": 9}}, {"pk": 27, "model": "auth.permission", "fields": {"codename": "delete_userprofile", "name": "Can delete user profile", "content_type": 9}}, {"pk": 19, "model": "auth.permission", "fields": {"codename": "add_logentry", "name": "Can add log entry", "content_type": 7}}, {"pk": 20, "model": "auth.permission", "fields": {"codename": "change_logentry", "name": "Can change log entry", "content_type": 7}}, {"pk": 21, "model": "auth.permission", "fields": {"codename": "delete_logentry", "name": "Can delete log entry", "content_type": 7}}, {"pk": 1, "model": "auth.permission", "fields": {"codename": "add_group", "name": "Can add group", "content_type": 2}}, {"pk": 4, "model": "auth.permission", "fields": {"codename": "change_group", "name": "Can change group", "content_type": 2}}, {"pk": 7, "model": "auth.permission", "fields": {"codename": "delete_group", "name": "Can delete group", "content_type": 2}}, {"pk": 2, "model": "auth.permission", "fields": {"codename": "add_permission", "name": "Can add permission", "content_type": 1}}, {"pk": 5, "model": "auth.permission", "fields": {"codename": "change_permission", "name": "Can change permission", "content_type": 1}}, {"pk": 8, "model": "auth.permission", "fields": {"codename": "delete_permission", "name": "Can delete permission", "content_type": 1}}, {"pk": 3, "model": "auth.permission", "fields": {"codename": "add_user", "name": "Can add user", "content_type": 3}}, {"pk": 6, "model": "auth.permission", "fields": {"codename": "change_user", "name": "Can change user", "content_type": 3}}, {"pk": 9, "model": "auth.permission", "fields": {"codename": "delete_user", "name": "Can delete user", "content_type": 3}}, {"pk": 28, "model": "auth.permission", "fields": {"codename": "add_client", "name": "Can add client", "content_type": 10}}, {"pk": 30, "model": "auth.permission", "fields": {"codename": "change_client", "name": "Can change client", "content_type": 10}}, {"pk": 32, "model": "auth.permission", "fields": {"codename": "delete_client", "name": "Can delete client", "content_type": 10}}, {"pk": 29, "model": "auth.permission", "fields": {"codename": "add_clientasset", "name": "Can add client asset", "content_type": 11}}, {"pk": 31, "model": "auth.permission", "fields": {"codename": "change_clientasset", "name": "Can change client asset", "content_type": 11}}, {"pk": 33, "model": "auth.permission", "fields": {"codename": "delete_clientasset", "name": "Can delete client asset", "content_type": 11}}, {"pk": 10, "model": "auth.permission", "fields": {"codename": "add_contenttype", "name": "Can add content type", "content_type": 4}}, {"pk": 11, "model": "auth.permission", "fields": {"codename": "change_contenttype", "name": "Can change content type", "content_type": 4}}, {"pk": 12, "model": "auth.permission", "fields": {"codename": "delete_contenttype", "name": "Can delete content type", "content_type": 4}}, {"pk": 37, "model": "auth.permission", "fields": {"codename": "add_label", "name": "Can add label", "content_type": 15}}, {"pk": 40, "model": "auth.permission", "fields": {"codename": "change_label", "name": "Can change label", "content_type": 15}}, {"pk": 43, "model": "auth.permission", "fields": {"codename": "delete_label", "name": "Can delete label", "content_type": 15}}, {"pk": 38, "model": "auth.permission", "fields": {"codename": "add_labeltemplate", "name": "Can add label template", "content_type": 13}}, {"pk": 41, "model": "auth.permission", "fields": {"codename": "change_labeltemplate", "name": "Can change label template", "content_type": 13}}, {"pk": 44, "model": "auth.permission", "fields": {"codename": "delete_labeltemplate", "name": "Can delete label template", "content_type": 13}}, {"pk": 39, "model": "auth.permission", "fields": {"codename": "add_productlisting", "name": "Can add product listing", "content_type": 14}}, {"pk": 42, "model": "auth.permission", "fields": {"codename": "change_productlisting", "name": "Can change product listing", "content_type": 14}}, {"pk": 45, "model": "auth.permission", "fields": {"codename": "delete_productlisting", "name": "Can delete product listing", "content_type": 14}}, {"pk": 34, "model": "auth.permission", "fields": {"codename": "add_product", "name": "Can add product", "content_type": 12}}, {"pk": 35, "model": "auth.permission", "fields": {"codename": "change_product", "name": "Can change product", "content_type": 12}}, {"pk": 36, "model": "auth.permission", "fields": {"codename": "delete_product", "name": "Can delete product", "content_type": 12}}, {"pk": 22, "model": "auth.permission", "fields": {"codename": "add_registrationprofile", "name": "Can add registration profile", "content_type": 8}}, {"pk": 23, "model": "auth.permission", "fields": {"codename": "change_registrationprofile", "name": "Can change registration profile", "content_type": 8}}, {"pk": 24, "model": "auth.permission", "fields": {"codename": "delete_registrationprofile", "name": "Can delete registration profile", "content_type": 8}}, {"pk": 13, "model": "auth.permission", "fields": {"codename": "add_session", "name": "Can add session", "content_type": 5}}, {"pk": 14, "model": "auth.permission", "fields": {"codename": "change_session", "name": "Can change session", "content_type": 5}}, {"pk": 15, "model": "auth.permission", "fields": {"codename": "delete_session", "name": "Can delete session", "content_type": 5}}, {"pk": 16, "model": "auth.permission", "fields": {"codename": "add_site", "name": "Can add site", "content_type": 6}}, {"pk": 17, "model": "auth.permission", "fields": {"codename": "change_site", "name": "Can change site", "content_type": 6}}, {"pk": 18, "model": "auth.permission", "fields": {"codename": "delete_site", "name": "Can delete site", "content_type": 6}}, {"pk": 1, "model": "auth.user", "fields": {"username": "pvadmin", "first_name": "", "last_name": "", "is_active": true, "is_superuser": true, "is_staff": true, "last_login": "2013-06-27T05:19:59.745Z", "groups": [], "user_permissions": [], "password": "pbkdf2_sha256$10000$D84i8eCXUEXs$rdImqCEzb428J84NppZ67ojJbvXtW0KUb7dmd7aOkjk=", "email": "a@a.com", "date_joined": "2013-05-18T09:53:15.193Z"}}, {"pk": 11, "model": "admin.logentry", "fields": {"action_flag": 2, "action_time": "2013-05-22T05:39:47.929Z", "object_repr": "Babak", "object_id": "5", "change_message": "Changed pic_pos.", "user": 1, "content_type": 13}}, {"pk": 10, "model": "admin.logentry", "fields": {"action_flag": 2, "action_time": "2013-05-22T05:39:17.861Z", "object_repr": "Babak", "object_id": "5", "change_message": "Changed pic_pos.", "user": 1, "content_type": 13}}, {"pk": 9, "model": "admin.logentry", "fields": {"action_flag": 2, "action_time": "2013-05-22T05:38:48.426Z", "object_repr": "Babak", "object_id": "5", "change_message": "Changed bg_image.", "user": 1, "content_type": 13}}, {"pk": 8, "model": "admin.logentry", "fields": {"action_flag": 1, "action_time": "2013-05-22T05:37:24.245Z", "object_repr": "Babak", "object_id": "5", "change_message": "", "user": 1, "content_type": 13}}, {"pk": 7, "model": "admin.logentry", "fields": {"action_flag": 2, "action_time": "2013-05-19T07:46:12.296Z", "object_repr": "Medium - Discount", "object_id": "4", "change_message": "Changed price_pos.", "user": 1, "content_type": 13}}, {"pk": 6, "model": "admin.logentry", "fields": {"action_flag": 1, "action_time": "2013-05-19T07:43:39.836Z", "object_repr": "Medium - Discount", "object_id": "4", "change_message": "", "user": 1, "content_type": 13}}, {"pk": 5, "model": "admin.logentry", "fields": {"action_flag": 2, "action_time": "2013-05-19T07:41:19.091Z", "object_repr": "Small - Wide", "object_id": "1", "change_message": "Changed price_pos.", "user": 1, "content_type": 13}}, {"pk": 4, "model": "admin.logentry", "fields": {"action_flag": 2, "action_time": "2013-05-19T06:58:34.921Z", "object_repr": "1401 -  ($0) - Small", "object_id": "2", "change_message": "Changed active.", "user": 1, "content_type": 15}}, {"pk": 3, "model": "admin.logentry", "fields": {"action_flag": 3, "action_time": "2013-05-19T02:00:44.891Z", "object_repr": "2001 - General Mills Cherrios, Honey Nut, 12.25-Ounce (Pack of 12) ($0) - Small - Wide", "object_id": "1", "change_message": "", "user": 1, "content_type": 15}}, {"pk": 2, "model": "admin.logentry", "fields": {"action_flag": 1, "action_time": "2013-05-18T09:57:39.394Z", "object_repr": "UserProfile object", "object_id": "1", "change_message": "", "user": 1, "content_type": 9}}, {"pk": 1, "model": "admin.logentry", "fields": {"action_flag": 1, "action_time": "2013-05-18T09:54:18.884Z", "object_repr": "Test Client", "object_id": "1", "change_message": "", "user": 1, "content_type": 10}}, {"pk": 1, "model": "accounts.userprofile", "fields": {"active": true, "created_on": "2013-05-18T09:57:39.381Z", "clients": [1], "user": 1}}]